Product_ID,Product_Name,Category,Price,Units_Sold,Revenue,Rating,Seller_Name,is_returned,total_price,return_prob
Product_1,Max Product_1,Toys,358.65,983,352552.95,3.63,Seller_B,1,352552.94999999995,0.9984054
Product_2,Pro Product_2,Home & Kitchen,248.0,79,19592.0,1.23,Seller_E,1,19592.0,0.9983707
Product_3,Eco Product_3,Automotive,148.12,206,30512.72,2.09,Seller_D,1,30512.72,0.9974316
Product_4,Super Product_4,Electronics,15.76,585,9219.6,3.69,Seller_D,1,9219.6,0.9974751
Product_5,Ultra Product_5,Home & Kitchen,20.84,401,8356.84,2.01,Seller_B,1,8356.84,0.99647933
Product_6,Ultra Product_6,Home & Kitchen,384.86,298,114688.28,4.03,Seller_A,1,114688.28,0.99859923
Product_7,Max Product_7,Automotive,373.36,851,317729.36,2.4,Seller_E,1,317729.36,0.98930526
Product_8,Max Product_8,Electronics,38.4,839,32217.6,1.15,Seller_C,1,32217.6,0.9958215
Product_9,Eco Product_9,Clothing,141.06,467,65875.02,3.25,Seller_E,1,65875.02,0.9841532
Product_10,Max Product_10,Home & Kitchen,170.67,953,162648.51,3.19,Seller_A,1,162648.50999999998,0.96509206
Product_11,Max Product_11,Books,16.68,434,7239.12,4.67,Seller_A,1,7239.12,0.9967534
Product_12,Pro Product_12,Books,93.58,852,79730.16,3.51,Seller_E,1,79730.16,0.9996499
Product_13,Ultra Product_13,Clothing,158.33,458,72515.14,4.26,Seller_A,1,72515.14,0.9975836
Product_14,Super Product_14,Clothing,219.38,312,68446.56,3.1,Seller_D,1,68446.56,0.99848783
Product_15,Ultra Product_15,Toys,316.07,672,212399.04,2.58,Seller_A,1,212399.04,0.97681093
Product_16,Ultra Product_16,Automotive,214.53,863,185139.39,3.39,Seller_B,1,185139.39,0.9989785
Product_17,Super Product_17,Beauty,459.01,258,118424.58,2.77,Seller_E,1,118424.58,0.9988985
Product_18,Pro Product_18,Beauty,279.53,552,154300.56,1.26,Seller_C,1,154300.56,0.9960998
Product_19,Eco Product_19,Books,280.92,21,5899.32,3.51,Seller_A,1,5899.320000000001,0.99472815
Product_20,Super Product_20,Sports,322.92,55,17760.6,1.05,Seller_B,1,17760.600000000002,0.99920183
Product_21,Super Product_21,Clothing,438.14,883,386877.62,3.65,Seller_B,1,386877.62,0.99840516
Product_22,Eco Product_22,Books,288.88,698,201638.24,3.43,Seller_E,1,201638.24,0.9997496
Product_23,Eco Product_23,Books,142.44,213,30339.72,4.84,Seller_B,1,30339.72,0.99553645
Product_24,Super Product_24,Clothing,150.08,581,87196.48,4.25,Seller_B,1,87196.48000000001,0.9989526
Product_25,Eco Product_25,Clothing,46.12,944,43537.28,1.57,Seller_B,1,43537.28,0.9985428
Product_26,Pro Product_26,Beauty,454.86,611,277919.46,1.53,Seller_D,1,277919.46,0.9944917
Product_27,Super Product_27,Beauty,281.27,201,56535.27,2.15,Seller_E,1,56535.27,0.99960107
Product_28,Ultra Product_28,Books,388.47,488,189573.36,4.93,Seller_E,1,189573.36000000002,0.99982697
Product_29,Max Product_29,Toys,108.75,260,28275.0,3.36,Seller_C,1,28275.0,0.8975197
Product_30,Max Product_30,Home & Kitchen,493.53,229,113018.37,4.08,Seller_A,1,113018.37,0.9988921
Product_31,Super Product_31,Beauty,186.94,877,163946.38,4.22,Seller_D,1,163946.38,0.9994361
Product_32,Ultra Product_32,Beauty,286.51,533,152709.83,1.83,Seller_D,1,152709.83,0.9989674
Product_33,Super Product_33,Books,189.34,421,79712.14,4.0,Seller_A,1,79712.14,0.99939215
Product_34,Eco Product_34,Beauty,361.88,291,105307.08,4.14,Seller_D,1,105307.08,0.99953413
Product_35,Eco Product_35,Home & Kitchen,117.23,153,17936.19,1.13,Seller_C,1,17936.190000000002,0.993583
Product_36,Eco Product_36,Automotive,307.68,660,203068.8,2.03,Seller_D,1,203068.80000000002,0.99897695
Product_37,Max Product_37,Books,6.91,413,2853.83,2.92,Seller_E,1,2853.83,0.99110466
Product_38,Pro Product_38,Home & Kitchen,388.47,296,114987.12,2.27,Seller_B,1,114987.12000000001,0.9939633
Product_39,Ultra Product_39,Home & Kitchen,365.68,348,127256.64,1.21,Seller_D,1,127256.64,0.9978625
Product_40,Eco Product_40,Books,170.87,799,136525.13,4.73,Seller_A,1,136525.13,0.9987294
Product_41,Eco Product_41,Beauty,352.22,584,205696.48,2.36,Seller_A,1,205696.48,0.99806565
Product_42,Max Product_42,Toys,409.26,612,250467.12,2.47,Seller_D,1,250467.12,0.9960418
Product_43,Ultra Product_43,Toys,455.81,792,361001.52,4.46,Seller_E,1,361001.52,0.99903035
Product_44,Eco Product_44,Toys,58.4,323,18863.2,4.74,Seller_A,1,18863.2,0.99645495
Product_45,Eco Product_45,Sports,199.9,915,182908.5,1.12,Seller_A,1,182908.5,0.99061334
Product_46,Super Product_46,Books,57.95,554,32104.3,2.75,Seller_E,1,32104.300000000003,0.9963576
Product_47,Super Product_47,Sports,363.8,35,12733.0,2.21,Seller_D,1,12733.0,0.9950354
Product_48,Ultra Product_48,Clothing,142.03,208,29542.24,3.43,Seller_C,0,29542.24,0.34665924
Product_49,Pro Product_49,Automotive,225.47,549,123783.03,3.54,Seller_A,1,123783.03,0.999556
Product_50,Ultra Product_50,Toys,264.99,145,38423.55,2.55,Seller_E,1,38423.55,0.992942
Product_51,Ultra Product_51,Books,287.53,432,124212.96,4.67,Seller_C,1,124212.95999999999,0.99849236
Product_52,Super Product_52,Toys,412.09,521,214698.89,3.97,Seller_B,1,214698.88999999998,0.9996313
Product_53,Max Product_53,Electronics,236.85,391,92608.35,3.93,Seller_C,1,92608.34999999999,0.9976299
Product_54,Eco Product_54,Toys,364.57,804,293114.28,4.78,Seller_D,1,293114.27999999997,0.99883085
Product_55,Pro Product_55,Home & Kitchen,390.42,151,58953.42,2.22,Seller_B,1,58953.420000000006,0.998642
Product_56,Max Product_56,Sports,481.45,280,134806.0,4.67,Seller_B,1,134806.0,0.9996494
Product_57,Pro Product_57,Toys,171.7,540,92718.0,1.18,Seller_E,1,92718.0,0.9964289
Product_58,Eco Product_58,Sports,152.2,26,3957.2,4.53,Seller_D,1,3957.2,0.9725839
Product_59,Max Product_59,Toys,70.0,836,58520.0,2.89,Seller_E,1,58520.0,0.9876274
Product_60,Pro Product_60,Toys,386.87,694,268487.78,1.63,Seller_C,0,268487.78,0.5410534
Product_61,Pro Product_61,Electronics,477.79,292,139514.68,4.6,Seller_C,1,139514.68,0.99457514
Product_62,Super Product_62,Toys,475.26,618,293710.68,2.69,Seller_A,1,293710.68,0.97952694
Product_63,Ultra Product_63,Automotive,44.17,790,34894.3,2.28,Seller_B,1,34894.3,0.9984944
Product_64,Pro Product_64,Clothing,362.98,371,134665.58,3.8,Seller_B,1,134665.58000000002,0.99975246
Product_65,Max Product_65,Automotive,491.53,364,178916.92,4.54,Seller_D,1,178916.91999999998,0.9996631
Product_66,Pro Product_66,Toys,362.15,601,217652.15,1.03,Seller_A,1,217652.15,0.9965335
Product_67,Ultra Product_67,Automotive,369.69,695,256934.55,2.58,Seller_B,1,256934.55,0.9931201
Product_68,Max Product_68,Clothing,476.18,556,264756.08,3.84,Seller_D,1,264756.08,0.9996917
Product_69,Pro Product_69,Electronics,93.75,641,60093.75,2.88,Seller_B,1,60093.75,0.996222
Product_70,Super Product_70,Home & Kitchen,239.73,777,186270.21,4.27,Seller_C,1,186270.21,0.99709177
Product_71,Super Product_71,Electronics,340.71,717,244289.07,4.2,Seller_B,1,244289.06999999998,0.99987006
Product_72,Pro Product_72,Automotive,472.75,380,179645.0,3.18,Seller_A,1,179645.0,0.99904877
Product_73,Max Product_73,Home & Kitchen,486.94,332,161664.08,4.82,Seller_B,1,161664.08,0.99932086
Product_74,Super Product_74,Books,133.74,540,72219.6,3.24,Seller_C,1,72219.6,0.9868758
Product_75,Max Product_75,Home & Kitchen,219.0,444,97236.0,3.7,Seller_C,1,97236.0,0.9955987
Product_76,Max Product_76,Toys,456.13,889,405499.57,2.59,Seller_C,1,405499.57,0.7326039
Product_77,Max Product_77,Books,155.6,383,59594.8,3.8,Seller_E,1,59594.799999999996,0.9972543
Product_78,Max Product_78,Electronics,32.36,449,14529.64,4.08,Seller_B,1,14529.64,0.9977574
Product_79,Super Product_79,Automotive,102.64,715,73387.6,4.46,Seller_E,1,73387.6,0.9997657
Product_80,Eco Product_80,Sports,492.05,614,302118.7,4.09,Seller_B,1,302118.7,0.99934596
Product_81,Pro Product_81,Books,340.92,116,39546.72,4.87,Seller_E,1,39546.72,0.9993586
Product_82,Pro Product_82,Beauty,245.3,741,181767.3,2.21,Seller_E,1,181767.30000000002,0.99878246
Product_83,Ultra Product_83,Home & Kitchen,199.43,301,60028.43,4.15,Seller_B,1,60028.43,0.9977354
Product_84,Ultra Product_84,Automotive,253.44,694,175887.36,1.02,Seller_B,1,175887.36,0.9951072
Product_85,Pro Product_85,Automotive,361.92,155,56097.6,3.09,Seller_B,1,56097.600000000006,0.9986528
Product_86,Super Product_86,Automotive,396.09,57,22577.13,4.22,Seller_B,1,22577.129999999997,0.9988834
Product_87,Super Product_87,Clothing,218.18,900,196362.0,4.17,Seller_D,1,196362.0,0.99951625
Product_88,Pro Product_88,Toys,376.42,531,199879.02,2.69,Seller_C,1,199879.02000000002,0.98692155
Product_89,Max Product_89,Electronics,363.49,907,329685.43,3.03,Seller_E,1,329685.43,0.99814
Product_90,Eco Product_90,Clothing,444.13,177,78611.01,1.0,Seller_B,1,78611.01,0.99962366
Product_91,Super Product_91,Automotive,243.29,448,108993.92,3.2,Seller_C,1,108993.92,0.9945133
Product_92,Max Product_92,Electronics,179.15,416,74526.4,3.51,Seller_B,1,74526.40000000001,0.99859303
Product_93,Max Product_93,Beauty,239.12,213,50932.56,4.07,Seller_E,1,50932.56,0.99897194
Product_94,Pro Product_94,Clothing,123.11,972,119662.92,5.0,Seller_B,1,119662.92,0.9994962
Product_95,Eco Product_95,Clothing,173.09,655,113373.95,1.46,Seller_D,1,113373.95,0.997491
Product_96,Eco Product_96,Books,477.31,838,399985.78,4.1,Seller_A,1,399985.78,0.99840826
Product_97,Max Product_97,Automotive,139.37,27,3762.99,2.36,Seller_D,1,3762.9900000000002,0.8909748
Product_98,Pro Product_98,Books,307.18,865,265710.7,3.21,Seller_C,1,265710.7,0.997795
Product_99,Eco Product_99,Sports,332.37,625,207731.25,3.91,Seller_D,1,207731.25,0.99968386
Product_100,Ultra Product_100,Toys,158.21,475,75149.75,4.93,Seller_A,1,75149.75,0.996938
Product_101,Pro Product_101,Electronics,46.13,881,40640.53,2.69,Seller_D,1,40640.53,0.9912452
Product_102,Max Product_102,Home & Kitchen,296.03,32,9472.96,4.21,Seller_D,1,9472.96,0.99113804
Product_103,Ultra Product_103,Sports,154.77,619,95802.63,1.82,Seller_B,1,95802.63,0.99775153
Product_104,Max Product_104,Home & Kitchen,48.18,896,43169.28,1.6,Seller_E,1,43169.28,0.9945163
Product_105,Ultra Product_105,Sports,29.53,586,17304.58,1.41,Seller_B,1,17304.58,0.999343
Product_106,Super Product_106,Sports,476.64,349,166347.36,1.51,Seller_E,1,166347.36,0.9988727
Product_107,Max Product_107,Toys,349.65,615,215034.75,1.85,Seller_C,1,215034.75,0.98916197
Product_108,Max Product_108,Sports,161.08,214,34471.12,4.94,Seller_D,1,34471.12,0.9934196
Product_109,Super Product_109,Toys,12.88,442,5692.96,3.73,Seller_B,1,5692.96,0.9956632
Product_110,Super Product_110,Books,489.73,575,281594.75,1.07,Seller_A,1,281594.75,0.9912855
Product_111,Eco Product_111,Automotive,479.37,796,381578.52,3.49,Seller_B,1,381578.52,0.99937195
Product_112,Max Product_112,Clothing,293.28,467,136961.76,1.87,Seller_A,1,136961.75999999998,0.99896574
Product_113,Super Product_113,Beauty,221.73,721,159867.33,4.75,Seller_A,1,159867.33,0.99967456
Product_114,Max Product_114,Sports,187.1,103,19271.3,3.38,Seller_E,1,19271.3,0.9905246
Product_115,Pro Product_115,Home & Kitchen,222.36,13,2890.68,1.83,Seller_E,1,2890.6800000000003,0.9916454
Product_116,Pro Product_116,Clothing,71.54,48,3433.92,2.97,Seller_B,1,3433.92,0.9875267
Product_117,Max Product_117,Sports,52.95,338,17897.1,3.52,Seller_C,1,17897.100000000002,0.98597324
Product_118,Pro Product_118,Sports,130.02,696,90493.92,4.12,Seller_E,1,90493.92000000001,0.9996482
Product_119,Ultra Product_119,Electronics,120.59,828,99848.52,1.15,Seller_E,1,99848.52,0.99929833
Product_120,Eco Product_120,Sports,47.2,778,36721.6,3.93,Seller_B,1,36721.600000000006,0.99949324
Product_121,Pro Product_121,Electronics,445.78,168,74891.04,3.75,Seller_C,1,74891.04,0.9979163
Product_122,Eco Product_122,Toys,367.46,725,266408.5,1.25,Seller_C,1,266408.5,0.98090166
Product_123,Pro Product_123,Automotive,291.48,919,267870.12,3.74,Seller_D,1,267870.12,0.9995177
Product_124,Eco Product_124,Electronics,382.85,541,207121.85,4.58,Seller_B,1,207121.85,0.99980503
Product_125,Max Product_125,Beauty,114.63,719,82418.97,1.14,Seller_D,1,82418.97,0.9990814
Product_126,Super Product_126,Sports,371.88,268,99663.84,2.49,Seller_B,1,99663.84,0.9992318
Product_127,Max Product_127,Beauty,103.97,253,26304.41,3.22,Seller_A,1,26304.41,0.99233717
Product_128,Eco Product_128,Home & Kitchen,262.15,486,127404.9,2.7,Seller_A,1,127404.9,0.9905572
Product_129,Eco Product_129,Electronics,490.49,841,412502.09,2.74,Seller_B,1,412502.09,0.991987
Product_130,Pro Product_130,Clothing,226.19,710,160594.9,4.54,Seller_B,1,160594.9,0.9998204
Product_131,Eco Product_131,Toys,276.17,705,194699.85,2.9,Seller_C,1,194699.85,0.99798125
Product_132,Ultra Product_132,Books,354.33,6,2125.98,1.12,Seller_C,1,2125.98,0.98875976
Product_133,Pro Product_133,Beauty,23.27,480,11169.6,2.58,Seller_D,1,11169.6,0.9388954
Product_134,Eco Product_134,Books,353.88,442,156414.96,1.02,Seller_A,1,156414.96,0.99872607
Product_135,Ultra Product_135,Sports,305.61,542,165640.62,2.57,Seller_C,1,165640.62,0.9902193
Product_136,Super Product_136,Beauty,208.25,437,91005.25,1.92,Seller_A,1,91005.25,0.9988979
Product_137,Eco Product_137,Clothing,335.08,777,260357.16,4.23,Seller_A,1,260357.15999999997,0.99969554
Product_138,Ultra Product_138,Home & Kitchen,313.5,575,180262.5,1.81,Seller_B,1,180262.5,0.997494
Product_139,Pro Product_139,Sports,281.52,714,201005.28,2.9,Seller_C,1,201005.28,0.998591
Product_140,Super Product_140,Clothing,293.51,903,265039.53,2.78,Seller_E,1,265039.52999999997,0.99745864
Product_141,Eco Product_141,Sports,313.67,503,157776.01,3.27,Seller_C,1,157776.01,0.9961687
Product_142,Eco Product_142,Clothing,48.37,128,6191.36,2.19,Seller_E,1,6191.36,0.9987342
Product_143,Pro Product_143,Books,341.4,380,129732.0,1.42,Seller_E,1,129731.99999999999,0.9995745
Product_144,Ultra Product_144,Clothing,12.0,303,3636.0,1.05,Seller_C,1,3636.0,0.99280083
Product_145,Max Product_145,Books,224.98,981,220705.38,2.77,Seller_E,1,220705.37999999998,0.99616843
Product_146,Pro Product_146,Electronics,12.39,19,235.41,2.76,Seller_D,1,235.41000000000003,0.9166547
Product_147,Pro Product_147,Beauty,111.96,221,24743.16,4.88,Seller_C,1,24743.16,0.9836475
Product_148,Max Product_148,Toys,54.86,292,16019.12,2.89,Seller_D,0,16019.119999999999,0.4011345
Product_149,Eco Product_149,Home & Kitchen,63.7,643,40959.1,3.61,Seller_A,1,40959.1,0.99649376
Product_150,Eco Product_150,Beauty,322.47,964,310861.08,1.78,Seller_A,1,310861.08,0.9734098
Product_151,Super Product_151,Automotive,140.08,254,35580.32,2.01,Seller_A,0,35580.32,0.99418974
Product_152,Eco Product_152,Beauty,152.16,947,144095.52,4.0,Seller_C,1,144095.52,0.9936885
Product_153,Super Product_153,Home & Kitchen,101.96,420,42823.2,4.75,Seller_B,1,42823.2,0.9976713
Product_154,Pro Product_154,Toys,290.45,603,175141.35,1.17,Seller_A,1,175141.35,0.9969386
Product_155,Max Product_155,Beauty,480.52,74,35558.48,2.71,Seller_A,1,35558.479999999996,0.99335444
Product_156,Max Product_156,Beauty,101.95,640,65248.0,2.13,Seller_D,1,65248.0,0.9986903
Product_157,Eco Product_157,Home & Kitchen,5.17,543,2807.31,4.01,Seller_E,1,2807.31,0.99595225
Product_158,Eco Product_158,Home & Kitchen,406.55,956,388661.8,4.77,Seller_D,1,388661.8,0.9936792
Product_159,Super Product_159,Toys,47.11,534,25156.74,4.35,Seller_A,1,25156.739999999998,0.99782664
Product_160,Eco Product_160,Sports,442.43,85,37606.55,3.61,Seller_C,1,37606.55,0.9926887
Product_161,Ultra Product_161,Toys,23.37,884,20659.08,2.92,Seller_C,1,20659.08,0.98463875
Product_162,Ultra Product_162,Books,256.59,694,178073.46,1.34,Seller_A,1,178073.46,0.98893994
Product_163,Pro Product_163,Electronics,151.73,494,74954.62,3.54,Seller_D,1,74954.62,0.9985763
Product_164,Max Product_164,Automotive,279.94,127,35552.38,3.31,Seller_B,1,35552.38,0.9980354
Product_165,Ultra Product_165,Beauty,41.34,326,13476.84,3.72,Seller_C,1,13476.840000000002,0.98851717
Product_166,Ultra Product_166,Toys,391.88,425,166549.0,3.12,Seller_C,1,166549.0,0.99331623
Product_167,Max Product_167,Automotive,347.92,650,226148.0,3.94,Seller_A,1,226148.0,0.9996902
Product_168,Super Product_168,Clothing,416.49,867,361096.83,1.89,Seller_A,1,361096.83,0.9535463
Product_169,Super Product_169,Books,71.06,405,28779.3,2.49,Seller_A,1,28779.3,0.99683905
Product_170,Ultra Product_170,Toys,424.45,564,239389.8,3.69,Seller_B,1,239389.8,0.9996313
Product_171,Super Product_171,Electronics,374.01,80,29920.8,1.37,Seller_E,1,29920.8,0.9994791
Product_172,Eco Product_172,Automotive,311.52,399,124296.48,1.07,Seller_A,1,124296.48,0.99904686
Product_173,Eco Product_173,Automotive,219.35,899,197195.65,4.52,Seller_B,1,197195.65,0.9996207
Product_174,Eco Product_174,Home & Kitchen,240.77,842,202728.34,3.56,Seller_D,1,202728.34,0.9986493
Product_175,Super Product_175,Home & Kitchen,439.37,879,386206.23,2.61,Seller_A,0,386206.23,0.48255453
Product_176,Max Product_176,Automotive,295.29,738,217924.02,1.69,Seller_B,1,217924.02000000002,0.9988273
Product_177,Eco Product_177,Electronics,393.24,780,306727.2,3.62,Seller_C,1,306727.2,0.9976343
Product_178,Pro Product_178,Automotive,143.22,446,63876.12,4.29,Seller_D,1,63876.12,0.99496484
Product_179,Ultra Product_179,Clothing,448.76,225,100971.0,3.84,Seller_B,1,100971.0,0.9997223
Product_180,Super Product_180,Beauty,389.57,589,229456.73,3.42,Seller_B,1,229456.73,0.9996101
Product_181,Eco Product_181,Automotive,186.23,516,96094.68,2.94,Seller_B,1,96094.68,0.9993988
Product_182,Ultra Product_182,Books,183.27,975,178688.25,3.89,Seller_E,1,178688.25,0.99961686
Product_183,Pro Product_183,Sports,46.17,869,40121.73,2.14,Seller_C,1,40121.73,0.99058795
Product_184,Max Product_184,Toys,84.81,365,30955.65,3.59,Seller_B,1,30955.65,0.9975464
Product_185,Super Product_185,Clothing,266.41,720,191815.2,4.11,Seller_E,1,191815.2,0.9998178
Product_186,Super Product_186,Electronics,417.56,582,243019.92,1.29,Seller_A,1,243019.92,0.99788684
Product_187,Eco Product_187,Books,458.02,547,250536.94,1.44,Seller_D,1,250536.94,0.9985825
Product_188,Ultra Product_188,Automotive,40.19,940,37778.6,3.03,Seller_E,1,37778.6,0.9982356
Product_189,Super Product_189,Sports,378.93,316,119741.88,3.3,Seller_E,1,119741.88,0.9988937
Product_190,Pro Product_190,Books,195.18,484,94467.12,3.01,Seller_B,1,94467.12000000001,0.99938
Product_191,Eco Product_191,Home & Kitchen,189.22,404,76444.88,2.54,Seller_B,1,76444.88,0.99664646
Product_192,Ultra Product_192,Electronics,13.2,237,3128.4,1.02,Seller_D,1,3128.3999999999996,0.997242
Product_193,Ultra Product_193,Electronics,5.24,640,3353.6,1.12,Seller_C,1,3353.6000000000004,0.994232
Product_194,Eco Product_194,Clothing,93.3,344,32095.2,4.95,Seller_D,1,32095.2,0.998164
Product_195,Eco Product_195,Home & Kitchen,396.91,613,243305.83,1.57,Seller_A,1,243305.83000000002,0.99060374
Product_196,Ultra Product_196,Beauty,404.66,31,12544.46,2.43,Seller_B,1,12544.460000000001,0.99340385
Product_197,Max Product_197,Sports,80.51,245,19724.95,3.71,Seller_C,1,19724.95,0.98137784
Product_198,Max Product_198,Beauty,189.53,817,154846.01,4.51,Seller_B,1,154846.01,0.9998354
Product_199,Ultra Product_199,Beauty,485.2,883,428431.6,2.88,Seller_E,1,428431.6,0.9854285
Product_200,Pro Product_200,Clothing,235.69,356,83905.64,4.67,Seller_E,1,83905.64,0.99964654
Product_201,Super Product_201,Clothing,149.0,757,112793.0,1.44,Seller_A,1,112793.0,0.9928706
Product_202,Eco Product_202,Electronics,436.1,175,76317.5,1.42,Seller_E,1,76317.5,0.9996506
Product_203,Eco Product_203,Automotive,420.54,54,22709.16,4.4,Seller_A,1,22709.16,0.9983145
Product_204,Max Product_204,Automotive,67.63,510,34491.3,4.82,Seller_A,1,34491.299999999996,0.9988979
Product_205,Ultra Product_205,Sports,480.17,279,133967.43,4.54,Seller_A,1,133967.43,0.99944013
Product_206,Ultra Product_206,Sports,303.97,515,156544.55,3.45,Seller_D,1,156544.55000000002,0.9997011
Product_207,Max Product_207,Beauty,368.65,946,348742.9,1.68,Seller_E,1,348742.89999999997,0.9847704
Product_208,Pro Product_208,Home & Kitchen,225.13,199,44800.87,4.92,Seller_B,1,44800.87,0.9975804
Product_209,Eco Product_209,Electronics,34.11,876,29880.36,1.62,Seller_B,1,29880.36,0.9984915
Product_210,Super Product_210,Sports,347.03,62,21515.86,1.54,Seller_D,1,21515.859999999997,0.998711
Product_211,Super Product_211,Electronics,327.28,531,173785.68,3.97,Seller_A,1,173785.68,0.9996902
Product_212,Max Product_212,Books,84.32,208,17538.56,1.21,Seller_B,1,17538.559999999998,0.99937695
Product_213,Super Product_213,Clothing,256.16,225,57636.0,2.82,Seller_D,1,57636.00000000001,0.989176
Product_214,Super Product_214,Sports,359.3,339,121802.7,2.09,Seller_D,1,121802.7,0.99907386
Product_215,Max Product_215,Clothing,483.64,888,429472.32,3.6,Seller_D,1,429472.32,0.9980253
Product_216,Super Product_216,Electronics,226.53,839,190058.67,3.31,Seller_D,1,190058.67,0.9989128
Product_217,Ultra Product_217,Electronics,181.52,76,13795.52,3.38,Seller_C,1,13795.52,0.93932533
Product_218,Max Product_218,Electronics,401.44,172,69047.68,4.39,Seller_B,1,69047.68,0.99971336
Product_219,Max Product_219,Sports,162.83,737,120005.71,2.97,Seller_D,1,120005.71,0.9958055
Product_220,Max Product_220,Toys,19.42,214,4155.88,2.41,Seller_A,1,4155.88,0.9837572
Product_221,Ultra Product_221,Sports,273.57,14,3829.98,2.58,Seller_D,0,3829.98,0.3967465
Product_222,Ultra Product_222,Automotive,333.35,372,124006.2,3.1,Seller_C,1,124006.20000000001,0.99689317
Product_223,Super Product_223,Home & Kitchen,285.21,110,31373.1,2.18,Seller_C,1,31373.1,0.99263823
Product_224,Ultra Product_224,Books,185.14,437,80906.18,2.49,Seller_A,1,80906.18,0.99767905
Product_225,Max Product_225,Automotive,186.18,285,53061.3,1.74,Seller_C,1,53061.3,0.99553335
Product_226,Max Product_226,Beauty,162.44,677,109971.88,3.36,Seller_C,1,109971.88,0.974682
Product_227,Eco Product_227,Sports,296.86,93,27607.98,3.19,Seller_A,1,27607.98,0.99460214
Product_228,Eco Product_228,Sports,110.92,670,74316.4,4.87,Seller_E,1,74316.4,0.9994518
Product_229,Ultra Product_229,Books,341.19,780,266128.2,1.03,Seller_D,1,266128.2,0.99782073
Product_230,Super Product_230,Books,348.58,407,141872.06,2.34,Seller_D,1,141872.06,0.99891853
Product_231,Pro Product_231,Beauty,356.26,691,246175.66,4.89,Seller_C,1,246175.66,0.9988049
Product_232,Eco Product_232,Toys,320.63,594,190454.22,1.13,Seller_C,1,190454.22,0.99043953
Product_233,Eco Product_233,Beauty,459.89,774,355954.86,4.31,Seller_E,1,355954.86,0.99950933
Product_234,Max Product_234,Clothing,349.85,985,344602.25,1.86,Seller_A,1,344602.25,0.97141695
Product_235,Ultra Product_235,Sports,13.57,235,3188.95,1.85,Seller_C,1,3188.9500000000003,0.99269766
Product_236,Super Product_236,Books,327.12,276,90285.12,4.19,Seller_D,1,90285.12,0.99958986
Product_237,Ultra Product_237,Beauty,55.34,939,51964.26,4.25,Seller_E,1,51964.26,0.9993507
Product_238,Super Product_238,Electronics,197.83,433,85660.39,4.08,Seller_D,1,85660.39,0.99954385
Product_239,Ultra Product_239,Toys,24.61,535,13166.35,2.05,Seller_D,1,13166.35,0.9943566
Product_240,Pro Product_240,Electronics,176.09,902,158833.18,4.82,Seller_C,1,158833.18,0.99483204
Product_241,Max Product_241,Toys,166.57,563,93778.91,4.76,Seller_E,1,93778.90999999999,0.9983014
Product_242,Max Product_242,Beauty,291.31,93,27091.83,4.5,Seller_C,1,27091.83,0.99309856
Product_243,Super Product_243,Automotive,328.19,593,194616.67,3.4,Seller_D,1,194616.67,0.9995259
Product_244,Max Product_244,Clothing,197.1,430,84753.0,2.58,Seller_C,1,84753.0,0.95911896
Product_245,Max Product_245,Automotive,78.14,563,43992.82,4.12,Seller_A,1,43992.82,0.9988979
Product_246,Pro Product_246,Electronics,15.5,580,8990.0,1.09,Seller_E,1,8990.0,0.99876994
Product_247,Max Product_247,Automotive,398.43,98,39046.14,4.74,Seller_A,1,39046.14,0.9990299
Product_248,Eco Product_248,Electronics,133.02,234,31126.68,1.05,Seller_D,1,31126.680000000004,0.9988626
Product_249,Eco Product_249,Toys,387.07,767,296882.69,1.01,Seller_D,1,296882.69,0.97266746
Product_250,Max Product_250,Automotive,91.64,661,60574.04,3.31,Seller_B,1,60574.04,0.99752134
Product_251,Super Product_251,Sports,320.91,622,199606.02,3.93,Seller_C,1,199606.02000000002,0.99842167
Product_252,Super Product_252,Electronics,381.95,681,260107.95,3.7,Seller_B,1,260107.94999999998,0.999785
Product_253,Pro Product_253,Sports,105.46,407,42922.22,2.23,Seller_E,1,42922.219999999994,0.99841845
Product_254,Pro Product_254,Electronics,308.16,396,122031.36,2.18,Seller_E,1,122031.36000000002,0.99954647
Product_255,Max Product_255,Clothing,271.34,679,184239.86,1.53,Seller_D,1,184239.86,0.99858993
Product_256,Ultra Product_256,Automotive,373.23,188,70167.24,2.69,Seller_E,1,70167.24,0.99873334
Product_257,Ultra Product_257,Sports,160.8,135,21708.0,1.04,Seller_D,1,21708.0,0.99731857
Product_258,Max Product_258,Beauty,463.48,859,398129.32,2.18,Seller_B,1,398129.32,0.9717311
Product_259,Max Product_259,Books,259.73,156,40517.88,4.71,Seller_B,1,40517.880000000005,0.9990951
Product_260,Eco Product_260,Clothing,201.05,654,131486.7,2.8,Seller_C,1,131486.7,0.992475
Product_261,Max Product_261,Toys,288.3,65,18739.5,4.58,Seller_E,1,18739.5,0.9980617
Product_262,Eco Product_262,Automotive,417.41,9,3756.69,2.05,Seller_C,1,3756.69,0.98806494
Product_263,Pro Product_263,Electronics,480.94,407,195742.58,4.82,Seller_B,1,195742.58,0.9997758
Product_264,Eco Product_264,Toys,172.17,145,24964.65,3.25,Seller_A,1,24964.649999999998,0.95491475
Product_265,Eco Product_265,Beauty,355.09,736,261346.24,4.02,Seller_E,1,261346.24,0.9998568
Product_266,Super Product_266,Beauty,30.64,211,6465.04,1.39,Seller_C,1,6465.04,0.99465054
Product_267,Super Product_267,Clothing,204.96,347,71121.12,1.41,Seller_A,1,71121.12000000001,0.99888605
Product_268,Ultra Product_268,Clothing,398.37,325,129470.25,1.75,Seller_E,1,129470.25,0.999288
Product_269,Ultra Product_269,Automotive,62.43,445,27781.35,2.07,Seller_C,1,27781.35,0.9943879
Product_270,Pro Product_270,Books,158.63,513,81377.19,3.2,Seller_B,1,81377.19,0.9973009
Product_271,Pro Product_271,Automotive,261.74,55,14395.7,2.21,Seller_C,1,14395.7,0.99228925
Product_272,Ultra Product_272,Beauty,370.32,832,308106.24,2.26,Seller_A,1,308106.24,0.9766857
Product_273,Super Product_273,Automotive,339.29,438,148609.02,1.99,Seller_A,1,148609.02000000002,0.9989844
Product_274,Eco Product_274,Beauty,231.29,944,218337.76,4.34,Seller_E,1,218337.75999999998,0.9996599
Product_275,Super Product_275,Books,173.76,388,67418.88,4.09,Seller_E,1,67418.87999999999,0.9988495
Product_276,Super Product_276,Sports,244.67,799,195491.33,4.96,Seller_D,1,195491.33,0.9996722
Product_277,Ultra Product_277,Books,399.02,724,288890.48,3.35,Seller_A,1,288890.48,0.99736196
Product_278,Ultra Product_278,Home & Kitchen,182.63,544,99350.72,2.97,Seller_E,1,99350.72,0.99804616
Product_279,Max Product_279,Home & Kitchen,11.85,442,5237.7,1.45,Seller_A,1,5237.7,0.9953105
Product_280,Max Product_280,Automotive,339.57,338,114774.66,2.97,Seller_A,1,114774.66,0.9991173
Product_281,Max Product_281,Toys,316.92,217,68771.64,1.31,Seller_B,1,68771.64,0.9992155
Product_282,Super Product_282,Toys,499.97,869,434473.93,4.9,Seller_B,1,434473.93000000005,0.99728036
Product_283,Pro Product_283,Automotive,370.23,389,144019.47,2.51,Seller_C,1,144019.47,0.9957146
Product_284,Pro Product_284,Books,285.5,980,279790.0,1.03,Seller_A,0,279790.0,0.97633773
Product_285,Eco Product_285,Toys,258.38,308,79581.04,1.91,Seller_C,1,79581.04,0.9913686
Product_286,Super Product_286,Books,378.28,83,31397.24,3.01,Seller_E,1,31397.239999999998,0.9984314
Product_287,Super Product_287,Automotive,22.21,322,7151.62,3.39,Seller_E,1,7151.62,0.9891754
Product_288,Max Product_288,Home & Kitchen,367.78,278,102242.84,4.65,Seller_C,1,102242.84,0.99605125
Product_289,Max Product_289,Clothing,41.71,34,1418.14,4.09,Seller_A,1,1418.14,0.9952324
Product_290,Ultra Product_290,Books,112.09,215,24099.35,1.24,Seller_E,1,24099.350000000002,0.99940693
Product_291,Ultra Product_291,Sports,349.54,802,280331.08,1.39,Seller_A,1,280331.08,0.98759216
Product_292,Eco Product_292,Beauty,251.0,807,202557.0,4.55,Seller_B,1,202557.0,0.9998354
Product_293,Eco Product_293,Home & Kitchen,255.32,44,11234.08,1.21,Seller_A,1,11234.08,0.99335444
Product_294,Pro Product_294,Home & Kitchen,467.8,490,229222.0,1.7,Seller_C,1,229222.0,0.97822076
Product_295,Super Product_295,Toys,404.12,979,395633.48,2.43,Seller_A,1,395633.48,0.91551465
Product_296,Pro Product_296,Sports,301.97,399,120486.03,1.8,Seller_C,1,120486.03000000001,0.99588877
Product_297,Ultra Product_297,Sports,15.28,927,14164.56,1.78,Seller_D,1,14164.56,0.9957308
Product_298,Ultra Product_298,Home & Kitchen,178.03,854,152037.62,2.24,Seller_A,0,152037.62,0.40876064
Product_299,Eco Product_299,Books,37.76,20,755.2,1.02,Seller_B,1,755.1999999999999,0.9979153
Product_300,Super Product_300,Books,232.73,289,67258.97,1.94,Seller_A,1,67258.97,0.999353
Product_301,Eco Product_301,Books,218.68,748,163572.64,2.43,Seller_E,1,163572.64,0.9976828
Product_302,Pro Product_302,Books,343.59,734,252195.06,1.86,Seller_E,1,252195.05999999997,0.9987264
Product_303,Super Product_303,Home & Kitchen,106.57,797,84936.29,3.91,Seller_D,1,84936.29,0.99896777
Product_304,Max Product_304,Beauty,297.09,716,212716.44,4.87,Seller_E,1,212716.43999999997,0.9998772
Product_305,Ultra Product_305,Books,131.91,910,120038.1,4.21,Seller_D,1,120038.09999999999,0.9993825
Product_306,Super Product_306,Clothing,25.29,801,20257.29,1.64,Seller_D,1,20257.29,0.9987808
Product_307,Super Product_307,Books,393.85,139,54745.15,3.05,Seller_C,1,54745.15,0.99092746
Product_308,Ultra Product_308,Beauty,288.01,951,273897.51,2.5,Seller_D,1,273897.51,0.9849615
Product_309,Eco Product_309,Sports,120.12,40,4804.8,1.34,Seller_D,1,4804.8,0.99620384
Product_310,Eco Product_310,Automotive,387.08,194,75093.52,1.29,Seller_B,1,75093.52,0.99966776
Product_311,Pro Product_311,Clothing,93.88,606,56891.28,2.61,Seller_C,1,56891.28,0.94320357
Product_312,Max Product_312,Automotive,40.88,142,5804.96,1.76,Seller_C,1,5804.96,0.9955285
Product_313,Eco Product_313,Toys,453.18,199,90182.82,3.04,Seller_A,1,90182.82,0.9981818
Product_314,Ultra Product_314,Home & Kitchen,127.92,395,50528.4,4.45,Seller_C,1,50528.4,0.9798589
Product_315,Max Product_315,Sports,214.3,148,31716.4,3.23,Seller_D,1,31716.4,0.9928336
Product_316,Pro Product_316,Automotive,347.15,576,199958.4,3.15,Seller_E,1,199958.4,0.9997218
Product_317,Pro Product_317,Clothing,447.16,644,287971.04,3.26,Seller_D,1,287971.04000000004,0.99772614
Product_318,Pro Product_318,Electronics,215.27,400,86108.0,2.36,Seller_B,1,86108.0,0.9989017
Product_319,Ultra Product_319,Toys,150.61,90,13554.9,3.96,Seller_E,1,13554.900000000001,0.9874778
Product_320,Ultra Product_320,Sports,355.93,22,7830.46,4.73,Seller_A,1,7830.46,0.99284464
Product_321,Super Product_321,Electronics,363.12,755,274155.6,4.18,Seller_B,1,274155.6,0.99958545
Product_322,Max Product_322,Electronics,432.53,442,191178.26,4.46,Seller_D,1,191178.25999999998,0.9996803
Product_323,Pro Product_323,Home & Kitchen,255.13,150,38269.5,3.04,Seller_D,1,38269.5,0.98876745
Product_324,Max Product_324,Automotive,284.92,76,21653.92,3.54,Seller_A,1,21653.920000000002,0.99835193
Product_325,Super Product_325,Automotive,102.43,144,14749.92,2.9,Seller_D,1,14749.920000000002,0.986094
Product_326,Ultra Product_326,Toys,123.4,712,87860.8,1.23,Seller_B,1,87860.8,0.99818146
Product_327,Eco Product_327,Toys,20.85,836,17430.6,2.64,Seller_D,1,17430.600000000002,0.98503083
Product_328,Pro Product_328,Electronics,497.05,83,41255.15,2.61,Seller_A,1,41255.15,0.98094577
Product_329,Eco Product_329,Sports,481.87,374,180219.38,1.79,Seller_C,1,180219.38,0.9912382
Product_330,Ultra Product_330,Electronics,37.97,873,33147.81,4.27,Seller_D,1,33147.81,0.99907494
Product_331,Ultra Product_331,Home & Kitchen,446.33,383,170944.39,1.13,Seller_A,1,170944.38999999998,0.99422
Product_332,Max Product_332,Books,25.63,407,10431.41,3.21,Seller_A,1,10431.41,0.9886591
Product_333,Super Product_333,Beauty,173.25,689,119369.25,3.55,Seller_D,1,119369.25,0.99882096
Product_334,Eco Product_334,Home & Kitchen,246.8,312,77001.6,1.87,Seller_B,1,77001.6,0.99861455
Product_335,Eco Product_335,Books,185.57,759,140847.63,3.32,Seller_E,1,140847.63,0.99925405
Product_336,Ultra Product_336,Sports,441.7,261,115283.7,2.71,Seller_B,1,115283.7,0.9984524
Product_337,Super Product_337,Books,48.01,332,15939.32,1.4,Seller_E,1,15939.32,0.9985108
Product_338,Eco Product_338,Beauty,195.8,827,161926.6,1.4,Seller_D,1,161926.6,0.9982333
Product_339,Ultra Product_339,Sports,56.63,565,31995.95,4.98,Seller_E,1,31995.95,0.9990004
Product_340,Max Product_340,Beauty,340.23,778,264698.94,4.4,Seller_D,1,264698.94,0.99978787
Product_341,Eco Product_341,Home & Kitchen,356.75,406,144840.5,2.94,Seller_C,1,144840.5,0.9935229
Product_342,Max Product_342,Sports,461.4,568,262075.2,3.23,Seller_D,1,262075.19999999998,0.99907887
Product_343,Ultra Product_343,Sports,161.88,69,11169.72,3.58,Seller_D,1,11169.72,0.9840703
Product_344,Pro Product_344,Home & Kitchen,430.03,573,246407.19,3.88,Seller_E,1,246407.18999999997,0.9992772
Product_345,Max Product_345,Automotive,353.09,590,208323.1,3.48,Seller_C,1,208323.09999999998,0.99883884
Product_346,Super Product_346,Sports,257.74,82,21134.68,2.74,Seller_D,1,21134.68,0.96738964
Product_347,Max Product_347,Home & Kitchen,134.09,463,62083.67,2.1,Seller_C,1,62083.67,0.97684926
Product_348,Ultra Product_348,Toys,124.34,413,51352.42,2.74,Seller_A,1,51352.42,0.965629
Product_349,Max Product_349,Books,239.05,707,169008.35,4.04,Seller_B,1,169008.35,0.9998332
Product_350,Super Product_350,Automotive,66.22,857,56750.54,1.12,Seller_E,1,56750.54,0.9984854
Product_351,Super Product_351,Toys,271.14,82,22233.48,2.34,Seller_B,1,22233.48,0.99029374
Product_352,Pro Product_352,Home & Kitchen,428.29,120,51394.8,4.15,Seller_C,1,51394.8,0.98952836
Product_353,Ultra Product_353,Sports,64.57,912,58887.84,1.3,Seller_D,1,58887.84,0.99739337
Product_354,Eco Product_354,Clothing,363.33,171,62129.43,4.31,Seller_C,1,62129.43,0.994875
Product_355,Pro Product_355,Clothing,325.57,884,287803.88,1.0,Seller_D,1,287803.88,0.98341584
Product_356,Pro Product_356,Automotive,454.7,519,235989.3,1.93,Seller_E,1,235989.3,0.99899393
Product_357,Eco Product_357,Beauty,105.2,605,63646.0,4.34,Seller_C,1,63646.0,0.99302226
Product_358,Super Product_358,Electronics,133.54,270,36055.8,3.46,Seller_A,1,36055.799999999996,0.99760157
Product_359,Ultra Product_359,Books,314.81,810,254996.1,1.16,Seller_C,1,254996.1,0.99355596
Product_360,Max Product_360,Clothing,240.27,760,182605.2,1.34,Seller_A,1,182605.2,0.99705124
Product_361,Max Product_361,Clothing,152.31,770,117278.7,2.64,Seller_C,1,117278.7,0.9628602
Product_362,Super Product_362,Home & Kitchen,449.89,696,313123.44,4.38,Seller_C,1,313123.44,0.9925404
Product_363,Eco Product_363,Electronics,156.07,786,122671.02,1.4,Seller_E,1,122671.01999999999,0.9971836
Product_364,Pro Product_364,Electronics,393.63,499,196421.37,2.5,Seller_B,1,196421.37,0.9991273
Product_365,Eco Product_365,Clothing,291.64,258,75243.12,1.7,Seller_E,1,75243.12,0.99969447
Product_366,Eco Product_366,Electronics,241.25,398,96017.5,1.49,Seller_B,1,96017.5,0.9995382
Product_367,Super Product_367,Toys,304.55,486,148011.3,2.31,Seller_B,1,148011.30000000002,0.9982651
Product_368,Super Product_368,Toys,347.13,353,122536.89,1.39,Seller_B,1,122536.89,0.9988386
Product_369,Max Product_369,Toys,125.28,637,79803.36,4.06,Seller_E,1,79803.36,0.99899286
Product_370,Pro Product_370,Automotive,120.6,995,119997.0,3.59,Seller_D,1,119997.0,0.9993825
Product_371,Max Product_371,Beauty,370.26,522,193275.72,2.4,Seller_A,1,193275.72,0.9978638
Product_372,Ultra Product_372,Toys,38.98,674,26272.52,4.01,Seller_A,1,26272.519999999997,0.99793684
Product_373,Max Product_373,Beauty,407.47,601,244889.47,4.52,Seller_A,1,244889.47000000003,0.99964464
Product_374,Pro Product_374,Automotive,108.48,132,14319.36,1.4,Seller_D,1,14319.36,0.9980301
Product_375,Max Product_375,Beauty,140.07,156,21850.92,3.89,Seller_E,1,21850.92,0.9876466
Product_376,Pro Product_376,Sports,380.47,625,237793.75,2.06,Seller_C,1,237793.75000000003,0.98930746
Product_377,Super Product_377,Beauty,207.09,217,44938.53,1.82,Seller_C,1,44938.53,0.99606884
Product_378,Max Product_378,Automotive,324.99,326,105946.74,3.96,Seller_B,1,105946.74,0.9997702
Product_379,Eco Product_379,Beauty,409.43,346,141662.78,4.4,Seller_A,1,141662.78,0.99948466
Product_380,Eco Product_380,Home & Kitchen,238.41,168,40052.88,1.95,Seller_A,1,40052.88,0.99745387
Product_381,Pro Product_381,Electronics,426.76,846,361038.96,2.9,Seller_A,1,361038.96,0.9972887
Product_382,Ultra Product_382,Automotive,297.78,980,291824.4,4.25,Seller_B,1,291824.39999999997,0.999255
Product_383,Super Product_383,Home & Kitchen,226.34,759,171792.06,2.41,Seller_E,1,171792.06,0.98912257
Product_384,Super Product_384,Toys,472.52,594,280676.88,2.15,Seller_D,1,280676.88,0.9856631
Product_385,Ultra Product_385,Electronics,466.44,786,366621.84,1.51,Seller_D,1,366621.84,0.99029213
Product_386,Pro Product_386,Sports,334.31,42,14041.02,4.36,Seller_E,1,14041.02,0.9968002
Product_387,Pro Product_387,Beauty,50.46,136,6862.56,2.68,Seller_B,1,6862.56,0.9736293
Product_388,Ultra Product_388,Beauty,472.84,67,31680.28,2.66,Seller_D,1,31680.28,0.9929334
Product_389,Pro Product_389,Electronics,484.33,529,256210.57,4.77,Seller_C,1,256210.56999999998,0.99858034
Product_390,Pro Product_390,Sports,344.34,167,57504.78,3.59,Seller_A,1,57504.78,0.9986786
Product_391,Ultra Product_391,Sports,448.96,243,109097.28,4.73,Seller_B,1,109097.28,0.9996494
Product_392,Eco Product_392,Home & Kitchen,394.33,548,216092.84,1.26,Seller_E,1,216092.84,0.9968831
Product_393,Ultra Product_393,Electronics,144.43,674,97345.82,1.86,Seller_C,1,97345.82,0.98220843
Product_394,Pro Product_394,Home & Kitchen,216.22,148,32000.56,1.36,Seller_C,1,32000.56,0.99079317
Product_395,Pro Product_395,Toys,409.5,934,382473.0,1.28,Seller_C,1,382473.0,0.88767
Product_396,Ultra Product_396,Clothing,435.75,103,44882.25,3.04,Seller_A,1,44882.25,0.9978065
Product_397,Super Product_397,Electronics,274.92,523,143783.16,3.47,Seller_A,1,143783.16,0.9991455
Product_398,Eco Product_398,Toys,294.99,26,7669.74,4.28,Seller_B,1,7669.74,0.99340385
Product_399,Max Product_399,Books,458.8,827,379427.6,1.03,Seller_A,1,379427.60000000003,0.9805799
Product_400,Super Product_400,Home & Kitchen,53.84,560,30150.4,3.9,Seller_B,1,30150.4,0.9978314
Product_401,Super Product_401,Toys,485.97,555,269713.35,3.88,Seller_E,1,269713.35000000003,0.99864525
Product_402,Pro Product_402,Automotive,72.52,633,45905.16,4.16,Seller_D,1,45905.159999999996,0.9989348
Product_403,Super Product_403,Clothing,193.06,225,43438.5,2.43,Seller_D,1,43438.5,0.99620926
Product_404,Ultra Product_404,Sports,251.99,336,84668.64,4.56,Seller_C,1,84668.64,0.9966072
Product_405,Super Product_405,Automotive,457.75,56,25634.0,1.75,Seller_C,1,25634.0,0.9952886
Product_406,Max Product_406,Clothing,368.38,611,225080.18,3.96,Seller_E,1,225080.18,0.99982893
Product_407,Pro Product_407,Electronics,72.95,760,55442.0,4.78,Seller_A,1,55442.0,0.9994198
Product_408,Super Product_408,Automotive,242.43,818,198307.74,4.43,Seller_C,1,198307.74000000002,0.999067
Product_409,Max Product_409,Electronics,463.29,59,27334.11,2.15,Seller_A,1,27334.11,0.99895537
Product_410,Super Product_410,Automotive,88.95,506,45008.7,4.05,Seller_D,1,45008.700000000004,0.9989348
Product_411,Pro Product_411,Books,282.32,455,128455.6,4.41,Seller_B,1,128455.59999999999,0.9997938
Product_412,Super Product_412,Beauty,326.81,25,8170.25,4.92,Seller_D,1,8170.25,0.9934408
Product_413,Ultra Product_413,Books,55.18,668,36860.24,2.25,Seller_D,1,36860.24,0.9958203
Product_414,Pro Product_414,Home & Kitchen,22.05,659,14530.95,4.27,Seller_C,1,14530.95,0.98536485
Product_415,Ultra Product_415,Books,313.72,605,189800.6,3.83,Seller_A,1,189800.6,0.9996902
Product_416,Max Product_416,Beauty,168.64,357,60204.48,3.84,Seller_B,1,60204.479999999996,0.99710697
Product_417,Ultra Product_417,Sports,255.82,220,56280.4,2.69,Seller_C,1,56280.4,0.95016783
Product_418,Ultra Product_418,Automotive,68.0,741,50388.0,1.95,Seller_A,1,50388.0,0.99864024
Product_419,Eco Product_419,Automotive,393.76,753,296501.28,1.38,Seller_A,1,296501.27999999997,0.9849253
Product_420,Ultra Product_420,Home & Kitchen,347.69,309,107436.21,1.74,Seller_C,1,107436.21,0.9928188
Product_421,Max Product_421,Sports,6.41,782,5012.62,4.67,Seller_A,1,5012.62,0.9988011
Product_422,Ultra Product_422,Books,279.0,111,30969.0,2.31,Seller_C,1,30969.0,0.99212426
Product_423,Max Product_423,Home & Kitchen,149.72,106,15870.32,2.0,Seller_A,1,15870.32,0.9859971
Product_424,Super Product_424,Electronics,330.83,938,310318.54,2.11,Seller_D,1,310318.54,0.9852584
Product_425,Eco Product_425,Beauty,15.86,937,14860.82,2.77,Seller_A,1,14860.82,0.9825037
Product_426,Ultra Product_426,Home & Kitchen,287.81,983,282917.23,3.1,Seller_D,1,282917.23,0.99222445
Product_427,Super Product_427,Sports,299.76,538,161270.88,1.42,Seller_E,1,161270.88,0.9992797
Product_428,Ultra Product_428,Electronics,249.94,895,223696.3,3.22,Seller_C,1,223696.3,0.99558616
Product_429,Pro Product_429,Sports,136.57,474,64734.18,3.35,Seller_C,0,64734.18,0.4022516
Product_430,Eco Product_430,Toys,83.57,785,65602.45,4.56,Seller_A,1,65602.45,0.99931395
Product_431,Max Product_431,Clothing,264.5,93,24598.5,1.35,Seller_A,1,24598.5,0.9988738
Product_432,Ultra Product_432,Electronics,329.44,704,231925.76,2.59,Seller_B,1,231925.76,0.99582785
Product_433,Ultra Product_433,Home & Kitchen,17.78,297,5280.66,2.9,Seller_A,1,5280.660000000001,0.9787114
Product_434,Super Product_434,Electronics,82.66,420,34717.2,3.71,Seller_A,1,34717.2,0.998326
Product_435,Ultra Product_435,Electronics,341.8,626,213966.8,3.33,Seller_E,1,213966.80000000002,0.99961394
Product_436,Pro Product_436,Beauty,77.63,244,18941.72,2.85,Seller_A,1,18941.719999999998,0.98399055
Product_437,Ultra Product_437,Electronics,224.03,881,197370.43,2.1,Seller_C,1,197370.43,0.9867762
Product_438,Max Product_438,Books,379.37,362,137331.94,4.79,Seller_C,1,137331.94,0.9980282
Product_439,Max Product_439,Home & Kitchen,424.3,130,55159.0,3.17,Seller_B,1,55159.0,0.99635434
Product_440,Max Product_440,Automotive,18.89,309,5837.01,3.59,Seller_A,1,5837.01,0.99657935
Product_441,Pro Product_441,Clothing,139.3,746,103917.8,2.97,Seller_C,1,103917.8,0.9630462
Product_442,Max Product_442,Home & Kitchen,163.52,88,14389.76,3.59,Seller_A,1,14389.76,0.97866905
Product_443,Pro Product_443,Automotive,162.54,826,134258.04,2.45,Seller_E,1,134258.03999999998,0.9929432
Product_444,Super Product_444,Home & Kitchen,436.03,474,206678.22,1.34,Seller_C,1,206678.22,0.979076
Product_445,Max Product_445,Sports,152.29,87,13249.23,2.81,Seller_A,1,13249.23,0.8658883
Product_446,Super Product_446,Books,262.66,702,184387.32,1.16,Seller_E,1,184387.32,0.9987581
Product_447,Super Product_447,Clothing,247.67,421,104269.07,2.07,Seller_D,1,104269.06999999999,0.99920374
Product_448,Pro Product_448,Clothing,74.33,376,27948.08,2.9,Seller_C,1,27948.079999999998,0.9661548
Product_449,Eco Product_449,Toys,189.66,149,28259.34,1.99,Seller_D,1,28259.34,0.99746406
Product_450,Max Product_450,Automotive,197.71,650,128511.5,1.1,Seller_E,1,128511.5,0.99951553
Product_451,Max Product_451,Toys,171.41,311,53308.51,2.68,Seller_B,1,53308.51,0.94620013
Product_452,Ultra Product_452,Clothing,140.28,270,37875.6,2.29,Seller_B,1,37875.6,0.9812595
Product_453,Eco Product_453,Automotive,448.59,994,445898.46,3.7,Seller_A,1,445898.45999999996,0.99741024
Product_454,Super Product_454,Electronics,84.81,621,52667.01,1.42,Seller_A,1,52667.01,0.9989661
Product_455,Max Product_455,Electronics,336.8,831,279880.8,2.31,Seller_E,1,279880.8,0.9928538
Product_456,Pro Product_456,Electronics,33.99,269,9143.31,2.42,Seller_B,1,9143.310000000001,0.9948319
Product_457,Eco Product_457,Electronics,299.28,136,40702.08,3.5,Seller_A,1,40702.079999999994,0.9990809
Product_458,Super Product_458,Toys,269.7,100,26970.0,3.94,Seller_A,1,26970.0,0.9956809
Product_459,Ultra Product_459,Beauty,80.41,987,79364.67,3.33,Seller_B,1,79364.67,0.9986737
Product_460,Max Product_460,Electronics,199.26,343,68346.18,3.8,Seller_E,1,68346.18,0.9996574
Product_461,Super Product_461,Electronics,396.45,210,83254.5,3.19,Seller_A,1,83254.5,0.9990415
Product_462,Eco Product_462,Clothing,69.63,788,54868.44,3.84,Seller_A,1,54868.439999999995,0.999383
Product_463,Super Product_463,Automotive,234.36,330,77338.8,2.78,Seller_D,1,77338.8,0.997088
Product_464,Super Product_464,Electronics,125.95,131,16499.45,4.27,Seller_A,1,16499.45,0.9945404
Product_465,Pro Product_465,Clothing,424.31,87,36914.97,2.18,Seller_B,1,36914.97,0.99942076
Product_466,Eco Product_466,Home & Kitchen,387.89,958,371598.62,4.81,Seller_D,1,371598.62,0.9950106
Product_467,Pro Product_467,Home & Kitchen,346.03,51,17647.53,3.61,Seller_E,1,17647.53,0.9972006
Product_468,Eco Product_468,Clothing,433.69,100,43369.0,1.65,Seller_D,1,43369.0,0.99916923
Product_469,Pro Product_469,Clothing,243.92,186,45369.12,3.5,Seller_D,1,45369.119999999995,0.9985703
Product_470,Pro Product_470,Toys,187.72,363,68142.36,1.79,Seller_C,1,68142.36,0.99043113
Product_471,Pro Product_471,Electronics,170.83,692,118214.36,3.58,Seller_C,1,118214.36000000002,0.99311197
Product_472,Pro Product_472,Toys,249.57,924,230602.68,2.53,Seller_A,1,230602.68,0.9741004
Product_473,Pro Product_473,Toys,314.99,79,24884.21,3.04,Seller_D,1,24884.21,0.99105
Product_474,Super Product_474,Beauty,409.6,492,201523.2,4.93,Seller_C,1,201523.2,0.9986174
Product_475,Eco Product_475,Automotive,311.4,554,172515.6,2.6,Seller_C,1,172515.59999999998,0.98165375
Product_476,Pro Product_476,Beauty,156.27,40,6250.8,4.91,Seller_D,1,6250.8,0.9840443
Product_477,Pro Product_477,Home & Kitchen,302.54,708,214198.32,3.61,Seller_A,1,214198.32,0.9989792
Product_478,Max Product_478,Electronics,284.97,169,48159.93,1.33,Seller_B,1,48159.93000000001,0.99961436
Product_479,Super Product_479,Automotive,173.68,378,65651.04,1.77,Seller_B,1,65651.04000000001,0.99814487
Product_480,Eco Product_480,Electronics,316.66,638,202029.08,2.9,Seller_C,1,202029.08000000002,0.99826694
Product_481,Pro Product_481,Beauty,33.58,56,1880.48,3.39,Seller_E,1,1880.48,0.9862613
Product_482,Max Product_482,Home & Kitchen,388.61,23,8938.03,1.46,Seller_C,1,8938.03,0.9824843
Product_483,Ultra Product_483,Home & Kitchen,171.88,759,130456.92,1.66,Seller_E,1,130456.92,0.9854742
Product_484,Eco Product_484,Books,416.19,211,87816.09,4.27,Seller_C,1,87816.09,0.997841
Product_485,Super Product_485,Clothing,424.29,622,263908.38,1.48,Seller_B,1,263908.38,0.9988061
Product_486,Eco Product_486,Automotive,210.9,863,182006.7,1.02,Seller_C,1,182006.7,0.9883946
Product_487,Ultra Product_487,Automotive,255.32,765,195319.8,2.22,Seller_A,1,195319.8,0.9964036
Product_488,Pro Product_488,Books,118.44,134,15870.96,2.45,Seller_B,1,15870.96,0.9957467
Product_489,Pro Product_489,Beauty,107.84,823,88752.32,4.03,Seller_A,1,88752.32,0.9996402
Product_490,Ultra Product_490,Clothing,182.98,508,92953.84,1.22,Seller_B,1,92953.84,0.99944824
Product_491,Eco Product_491,Clothing,496.14,248,123042.72,3.44,Seller_C,1,123042.72,0.9946837
Product_492,Super Product_492,Books,244.38,114,27859.32,3.47,Seller_D,1,27859.32,0.997761
Product_493,Super Product_493,Electronics,24.09,617,14863.53,1.21,Seller_A,1,14863.53,0.99800843
Product_494,Super Product_494,Sports,244.73,310,75866.3,1.72,Seller_C,1,75866.3,0.995089
Product_495,Super Product_495,Books,302.87,206,62391.22,1.58,Seller_D,1,62391.22,0.999363
Product_496,Super Product_496,Automotive,408.16,97,39591.52,2.97,Seller_E,1,39591.520000000004,0.99865544
Product_497,Ultra Product_497,Beauty,252.98,27,6830.46,2.5,Seller_B,1,6830.46,0.9837623
Product_498,Max Product_498,Books,487.46,824,401667.04,1.07,Seller_E,1,401667.04,0.9894525
Product_499,Ultra Product_499,Clothing,135.59,352,47727.68,2.04,Seller_D,1,47727.68,0.9973984
Product_500,Eco Product_500,Toys,370.25,526,194751.5,2.67,Seller_D,1,194751.5,0.99600047
